bandwidth,latency,packet_loss,traffic_load,failure
776.22,65.15,8.22,14.34,0
444.49,169.24,13.35,81.03,1
860.01,226.91,9.13,70.49,0
700.39,77.97,15.07,53.03,0
103.24,248.21,0.63,37.44,0
975.87,278.32,2.88,66.85,0
763.53,179.62,12.28,81.29,0
788.2,201.02,4.65,88.12,0
136.83,16.72,13.32,54.7,1
455.88,283.71,7.02,81.99,0
377.09,118.35,17.73,51.13,1
927.5,277.25,16.39,47.45,0
647.43,174.11,9.86,86.54,1
824.53,2.38,15.46,38.64,0
448.98,12.52,5.42,39.59,0
234.97,204.45,9.89,30.49,0
559.04,169.24,3.95,51.87,0
73.18,8.93,17.22,54.49,1
829.35,223.29,16.46,66.05,1
635.35,255.79,18.04,43.05,1
760.51,149.43,17.55,21.78,1
360.98,140.26,19.19,86.68,1
970.99,2.64,4.57,34.6,0
894.19,236.21,18.64,92.29,1
780.6,99.88,11.42,20.74,0
202.69,263.75,8.45,56.01,1
472.05,112.55,11.21,53.66,0
53.37,169.96,6.85,82.86,1
162.75,81.83,5.77,13.89,0
686.22,49.02,4.83,90.99,0
747.31,232.7,1.65,53.14,0
967.83,149.48,9.93,58.61,0
332.57,161.41,17.76,51.02,1
376.76,289.66,12.6,3.6,1
474.86,289.11,10.42,49.71,1
197.58,256.84,8.57,26.35,1
138.62,57.1,9.29,34.27,1
480.95,178.69,4.19,64.91,1
234.64,263.57,16.46,49.77,1
673.12,112.96,3.97,9.32,0
442.78,31.23,14.33,7.3,0
834.35,243.48,15.2,18.57,0
703.26,145.05,11.5,19.09,0
319.24,169.75,17.26,60.83,1
833.94,294.66,5.82,17.78,0
806.72,182.56,17.63,88.17,1
393.6,128.07,14.59,20.98,0
295.44,111.63,15.97,9.11,0
685.67,125.87,13.29,87.57,1
148.35,36.4,16.93,29.53,1
207.91,238.63,19.86,42.54,1
17.29,251.48,8.4,95.9,1
789.06,86.03,16.28,94.44,0
668.2,91.84,14.89,71.49,0
708.11,262.43,9.06,6.89,0
782.92,8.17,18.54,59.33,0
464.33,156.62,7.89,98.91,0
573.05,139.64,11.31,94.69,0
148.4,207.35,2.12,10.6,0
123.38,49.85,4.52,39.6,0
671.72,200.83,16.81,31.55,1
476.39,113.64,7.93,12.97,0
569.58,186.0,7.88,69.48,0
767.35,12.99,4.92,27.38,0
638.37,139.06,9.83,34.49,0
558.04,157.15,16.12,9.04,0
563.62,65.08,17.9,49.8,1
310.91,42.75,1.4,15.82,0
40.51,57.35,11.5,43.21,1
442.35,103.9,9.35,14.33,0
222.44,29.95,12.29,95.38,0
414.44,284.25,8.95,14.5,1
854.87,122.09,7.97,52.19,0
241.6,242.88,9.44,19.7,1
67.72,292.35,11.64,7.64,1
288.57,25.14,10.02,20.23,0
300.66,195.85,9.44,5.48,1
665.3,261.55,16.36,13.94,1
561.46,190.64,14.91,49.35,0
786.06,129.28,6.83,65.18,0
667.67,129.89,16.01,8.73,0
412.32,11.73,17.07,44.1,0
815.88,160.85,3.07,58.12,0
175.3,298.07,11.65,23.42,1
32.48,287.65,5.71,37.21,1
99.15,13.08,14.78,7.18,1
725.14,212.03,4.78,22.01,0
467.26,91.23,13.43,46.68,0
169.66,270.99,5.1,99.04,1
506.03,14.49,10.22,99.63,0
160.79,280.83,18.97,97.96,1
699.36,251.41,7.63,42.31,1
451.69,36.13,17.51,8.07,1
387.21,18.89,19.74,32.36,1
308.5,250.58,17.5,23.77,1
633.98,47.57,3.32,1.41,0
368.19,160.93,16.39,9.52,0
96.77,274.81,0.64,45.32,1
126.83,170.67,7.87,33.97,1
962.28,119.77,17.41,18.04,1
909.49,134.06,13.78,71.61,1
702.71,19.87,10.65,35.71,0
273.21,290.66,7.76,85.19,1
969.48,93.89,16.25,24.1,0
780.96,57.62,14.19,53.84,0
719.72,86.53,9.37,18.41,0
454.87,289.35,17.85,49.53,1
279.52,29.19,4.6,15.25,0
105.43,260.32,3.41,16.16,1
903.58,212.65,12.86,61.22,0
461.22,249.18,19.44,26.38,1
210.34,292.79,4.95,17.24,1
312.9,252.8,4.99,92.98,0
583.43,283.07,2.79,4.3,0
185.01,38.95,17.21,56.51,1
858.05,238.94,4.53,54.83,0
760.93,164.16,10.06,25.06,0
722.27,163.51,19.82,45.28,1
437.77,269.78,0.24,8.77,0
631.04,291.57,11.13,72.13,1
588.26,211.75,10.25,22.17,0
653.35,145.4,16.15,19.34,0
93.6,137.46,7.11,31.49,0
421.65,116.52,8.21,90.24,0
51.2,109.12,3.36,79.65,0
499.05,118.06,14.82,94.69,0
336.56,27.84,15.69,65.2,0
153.08,24.15,2.73,66.29,0
112.37,234.18,7.87,48.0,1
591.77,134.38,17.86,90.52,0
178.89,279.27,0.05,51.09,0
925.87,184.05,5.98,35.51,0
585.25,11.52,11.1,64.04,0
353.4,48.1,6.68,54.61,0
595.01,62.54,5.44,12.4,0
32.58,292.75,9.2,39.27,1
958.97,66.39,3.63,31.33,0
487.48,155.21,10.59,84.68,1
784.91,280.92,14.13,37.88,0
91.9,293.18,11.51,82.16,1
491.79,71.67,1.86,44.24,0
495.8,15.69,16.89,75.35,1
938.45,46.93,3.5,13.53,0
576.01,19.94,15.3,92.47,1
478.75,59.34,7.21,48.06,0
274.31,171.0,15.66,25.98,1
338.25,273.82,4.13,24.15,1
525.47,161.63,3.73,26.51,0
444.52,188.17,9.94,36.67,1
31.4,61.36,0.66,71.75,0
828.03,240.37,4.51,94.96,0
897.2,185.72,14.48,66.9,0
148.85,259.38,16.75,54.72,1
558.5,284.7,1.62,44.86,0
117.49,105.02,17.64,82.82,1
675.52,28.08,15.95,84.97,0
288.42,68.55,17.39,29.3,1
662.83,131.91,13.97,95.34,0
729.72,283.76,13.48,39.51,1
770.96,114.11,10.5,80.01,0
116.66,231.46,13.06,96.68,1
916.85,162.6,18.38,70.37,0
237.91,55.66,2.01,16.16,0
47.04,96.9,6.32,58.61,1
559.3,196.3,1.45,11.88,0
377.21,202.18,18.9,78.91,1
831.49,130.99,8.91,28.13,0
810.17,69.37,13.51,69.52,0
323.97,216.85,16.82,91.01,1
953.37,51.49,19.82,18.1,1
298.01,281.06,3.24,39.29,1
519.91,57.18,15.99,64.71,1
263.41,33.09,17.75,41.97,0
936.68,149.8,0.98,17.48,0
172.96,156.35,15.08,2.91,1
54.46,152.95,7.09,40.66,1
440.75,131.56,12.97,64.92,1
992.45,298.45,10.28,57.4,1
892.76,146.4,5.19,15.62,0
751.12,143.91,2.7,45.07,0
891.88,127.11,2.34,36.95,0
894.51,20.98,2.07,27.42,0
523.67,178.29,12.76,72.93,1
322.77,69.16,7.03,30.97,0
774.29,191.65,4.33,54.01,0
665.04,16.2,13.84,92.32,0
379.92,294.43,13.74,53.93,1
103.52,141.23,10.78,61.7,1
749.32,269.13,18.7,7.32,1
269.84,143.19,7.71,17.81,0
937.45,19.04,16.72,10.1,0
248.56,246.84,1.5,76.48,1
131.53,194.81,14.8,83.59,1
832.8,234.75,19.77,18.65,1
161.75,129.02,16.93,21.93,1
187.48,191.74,11.59,32.32,1
603.39,257.01,12.54,59.11,1
875.82,189.69,7.07,62.18,0
204.47,104.95,13.59,68.68,0
317.22,199.1,15.41,90.52,1
779.63,201.88,19.96,29.5,0
972.11,288.22,9.85,65.88,0
505.73,111.9,1.23,55.97,0
152.46,128.1,11.92,30.58,0
23.8,243.82,2.38,90.74,1
237.36,152.22,4.9,9.55,0
140.5,221.24,6.58,71.2,1
680.88,138.45,14.62,72.79,1
130.61,65.43,3.68,91.53,0
511.27,223.82,3.32,51.86,0
697.32,40.22,0.9,32.16,0
585.31,60.38,17.46,82.77,1
207.78,188.42,13.87,77.08,1
806.08,224.43,0.8,50.03,0
718.25,268.51,0.57,76.79,0
741.59,82.5,11.17,26.79,0
139.75,34.11,5.65,58.95,1
132.52,286.86,11.93,86.52,1
928.29,47.17,8.69,31.8,0
403.6,60.1,18.47,48.35,0
307.94,88.11,5.76,95.1,0
493.7,159.29,13.58,79.82,1
666.24,264.96,1.08,88.7,0
956.07,228.4,19.12,38.52,0
293.58,212.74,19.62,99.65,1
925.56,53.38,14.78,15.26,0
34.61,107.95,9.3,51.88,1
559.65,144.04,4.4,47.93,0
637.64,45.08,16.25,79.84,1
114.84,82.76,14.73,90.86,1
148.94,93.19,4.44,73.11,0
424.92,39.06,9.02,62.68,0
966.57,165.52,9.26,42.74,0
600.08,211.8,16.53,51.03,0
933.69,21.91,13.68,50.93,0
806.32,144.86,12.86,2.04,0
472.71,234.88,13.0,50.3,1
786.92,224.65,5.41,85.6,0
27.66,244.71,7.43,70.93,1
118.05,135.02,0.91,79.57,1
831.13,246.35,15.74,39.05,1
798.85,72.99,8.66,52.9,0
240.31,108.88,8.76,3.35,0
535.46,53.73,4.91,38.3,0
609.96,140.78,4.19,47.44,0
869.06,118.23,11.76,25.52,0
607.08,73.04,4.65,3.12,0
418.45,225.78,1.28,69.04,0
380.44,94.84,15.35,43.51,1
431.62,82.57,7.53,41.57,1
655.41,40.14,7.6,25.0,0
868.82,132.21,8.63,53.78,0
459.36,91.59,16.3,43.8,1
255.36,111.41,6.42,47.4,0
244.3,71.56,15.16,58.09,1
748.55,229.18,18.79,0.63,1
818.4,279.07,13.22,90.77,1
114.23,149.88,8.63,7.11,1
75.89,193.26,14.96,45.09,1
598.49,260.28,9.16,20.74,1
154.71,299.65,8.29,52.38,1
826.42,184.44,10.51,28.02,0
317.23,267.04,6.35,86.0,1
152.43,272.67,2.09,39.64,1
921.76,237.64,8.3,63.88,0
173.88,138.82,2.48,24.89,0
291.87,25.27,8.21,1.94,0
162.08,5.73,11.14,40.42,0
124.34,143.68,18.61,53.65,1
30.94,148.8,0.72,45.95,0
64.84,122.8,12.43,96.2,1
182.9,170.88,9.15,70.68,1
62.85,166.1,0.41,99.57,1
595.23,251.15,4.99,29.51,0
683.91,33.49,2.37,78.91,0
399.69,68.33,4.34,55.56,0
324.81,238.11,5.49,61.18,0
509.48,254.5,8.03,98.59,1
876.25,298.45,10.58,65.4,1
852.62,262.0,0.02,89.88,0
53.04,267.08,3.24,72.58,1
189.68,94.99,1.87,12.74,0
244.38,121.1,10.99,69.94,1
256.89,81.16,6.58,48.43,0
575.52,182.28,10.97,91.88,1
422.1,281.7,4.44,80.68,1
58.76,104.05,0.48,10.41,0
379.88,167.54,18.83,13.39,1
528.52,89.59,2.17,6.96,0
110.66,51.77,2.54,49.32,0
835.12,59.36,2.93,8.08,0
61.44,18.33,19.63,72.37,1
925.59,284.84,12.35,55.24,1
108.12,121.46,12.21,83.59,1
845.14,250.4,19.73,27.98,1
903.63,204.72,1.77,51.91,0
979.77,58.38,19.49,11.75,0
804.01,53.46,4.08,88.46,0
781.68,243.78,12.46,17.5,1
646.06,80.15,8.4,10.24,0
781.21,274.07,7.68,20.51,0
143.21,42.88,18.62,80.62,1
540.71,203.63,2.98,10.58,0
519.08,244.53,19.94,61.44,1
859.0,71.34,7.58,74.62,0
468.17,83.59,12.98,75.11,0
391.24,289.39,19.36,19.01,1
643.17,80.11,1.15,6.16,0
273.8,129.56,18.46,44.88,1
148.37,130.32,11.36,20.25,0
483.1,76.66,14.09,69.93,0
422.72,232.96,2.98,35.67,0
240.24,231.78,10.67,44.94,1
373.84,114.12,13.47,11.35,1
372.73,250.7,9.12,56.76,0
334.22,64.71,3.1,18.55,0
385.67,2.29,4.88,67.9,0
688.89,171.78,17.09,7.12,0
303.91,298.23,0.69,97.59,1
949.37,12.55,14.18,68.45,0
917.18,63.19,19.99,18.17,0
486.1,156.16,0.15,1.41,0
335.08,243.17,3.22,33.45,1
540.08,27.62,13.48,15.28,0
850.07,119.18,1.2,21.84,0
656.06,224.38,11.8,87.28,0
806.35,112.09,13.68,60.32,0
537.4,57.46,11.76,17.65,0
636.59,59.45,7.3,55.67,0
295.27,123.6,13.95,25.58,0
737.54,144.35,11.89,97.62,0
210.38,258.68,4.15,3.28,0
697.85,193.03,11.26,73.23,1
862.11,207.43,17.64,77.3,1
140.78,294.91,13.34,6.72,1
618.24,124.14,9.44,17.19,0
104.14,121.6,6.43,38.43,1
728.46,277.08,1.72,86.82,1
93.65,74.52,4.89,53.7,0
936.58,219.21,0.22,65.53,0
146.03,226.62,19.73,78.3,1
959.29,30.24,4.45,82.81,0
802.88,141.0,16.3,47.63,0
597.75,60.97,3.37,50.88,0
784.8,56.43,5.67,71.8,0
797.16,139.68,8.37,26.33,0
946.57,87.54,6.49,85.45,0
260.85,239.02,15.97,2.08,1
594.18,272.37,19.15,19.58,1
104.1,241.01,17.51,80.02,1
620.0,80.54,3.07,34.03,0
179.58,82.97,15.53,14.98,1
569.3,77.16,2.96,18.68,0
576.71,41.38,18.27,53.08,0
471.33,283.2,10.36,84.62,1
527.41,121.21,6.73,7.07,0
766.28,68.18,3.14,3.05,0
801.25,254.15,0.24,46.52,0
497.23,120.36,4.96,95.62,0
603.6,11.5,18.28,27.9,0
931.92,49.42,15.95,95.92,0
128.54,192.14,19.4,88.77,1
125.93,235.09,2.02,28.31,1
96.83,64.07,11.84,81.69,1
661.28,275.3,5.14,68.59,0
424.42,255.45,10.86,51.18,1
776.58,254.67,6.41,42.29,0
674.52,69.07,5.67,81.55,0
340.3,16.11,11.48,79.31,0
899.38,260.36,3.67,75.69,0
764.91,92.43,9.38,99.83,0
277.83,186.06,13.02,47.85,1
370.55,228.23,2.56,80.69,1
321.3,39.36,18.61,86.25,1
166.04,234.47,10.11,21.16,1
156.31,281.61,16.39,4.21,1
936.77,218.78,13.08,40.47,0
443.52,132.93,14.2,85.67,1
389.49,263.13,14.32,28.91,1
732.39,158.71,17.5,70.0,0
557.46,223.69,12.27,0.73,1
936.78,246.33,5.56,35.54,0
782.5,225.06,1.99,61.55,0
484.58,87.07,12.13,12.98,0
382.6,36.24,1.33,89.66,0
986.77,72.26,4.83,15.63,0
720.58,151.36,1.21,90.98,0
951.68,152.08,10.98,21.64,0
127.29,175.21,3.21,99.43,1
852.03,119.14,12.21,60.47,0
640.7,236.28,15.82,8.43,1
130.7,274.03,16.44,6.53,1
592.38,74.77,6.19,7.49,0
689.24,221.22,10.98,58.99,0
22.18,203.71,11.26,80.96,1
459.77,157.4,9.46,40.3,0
827.15,57.37,13.1,44.48,0
302.41,238.77,4.2,58.93,1
463.96,288.23,19.58,53.3,1
447.89,216.83,1.96,68.81,0
308.91,275.44,16.58,47.18,1
919.26,295.27,11.88,71.39,1
783.48,106.26,4.9,99.73,0
119.48,191.83,14.91,35.03,1
997.06,142.71,1.69,1.22,0
880.41,296.0,15.49,12.56,0
291.07,29.05,11.8,55.35,1
838.53,124.3,2.22,34.43,0
115.36,262.79,1.59,94.0,1
999.11,85.93,15.02,62.74,0
669.03,236.55,5.86,52.04,0
653.62,115.45,17.79,79.8,0
99.54,294.01,15.24,25.86,1
898.06,265.18,13.96,81.97,1
38.71,91.09,5.57,0.31,0
248.42,231.29,14.18,61.97,1
151.59,101.72,18.96,93.48,1
779.0,182.3,1.83,78.79,0
206.22,197.89,6.52,85.36,1
911.53,249.05,4.69,39.7,0
659.71,8.31,7.87,82.42,0
45.8,66.83,14.85,55.08,1
15.38,213.86,9.48,61.85,1
61.14,169.49,11.41,5.89,1
609.87,149.19,6.28,20.16,0
803.47,17.51,2.83,55.1,0
246.17,105.13,5.34,5.88,0
850.91,259.66,17.19,74.14,1
66.66,10.24,12.05,84.01,0
802.95,119.53,7.56,92.04,0
928.52,283.6,15.8,10.18,0
774.39,16.21,1.29,93.97,0
701.14,225.16,5.08,6.76,0
839.6,78.03,4.6,47.41,0
49.75,260.12,19.71,84.03,1
209.76,224.07,14.12,7.03,0
133.67,265.83,12.36,1.82,1
509.49,65.56,0.1,2.49,0
747.74,159.86,3.69,51.13,0
633.71,234.0,12.71,81.16,1
852.62,74.46,7.59,12.74,0
163.66,69.99,18.49,12.46,1
737.27,9.13,15.29,56.85,0
201.11,287.6,8.95,23.43,1
278.05,213.3,14.99,73.02,1
712.81,191.03,19.51,94.96,1
980.4,223.45,9.22,76.6,0
615.43,159.95,12.85,87.72,1
63.96,143.36,18.37,51.96,1
620.15,135.41,4.97,83.23,0
51.93,192.49,17.73,18.29,1
885.3,61.26,1.95,6.83,0
712.48,266.53,12.97,65.6,1
181.4,243.71,15.66,5.2,1
100.8,105.52,12.29,89.25,1
191.7,174.0,9.91,69.16,1
980.23,43.17,12.35,95.22,0
463.98,291.73,3.03,31.39,0
786.24,270.96,4.31,48.62,0
640.04,276.65,5.4,74.17,0
576.69,100.32,11.96,24.28,0
153.68,51.57,8.84,54.18,1
946.56,64.32,4.89,65.95,0
308.33,27.91,17.66,97.88,1
582.24,36.91,7.48,74.47,0
702.78,22.32,8.92,11.81,0
652.74,296.96,8.19,47.53,0
941.19,23.14,3.64,58.88,0
156.95,40.63,14.63,14.66,1
513.27,248.35,8.97,43.2,1
409.99,174.49,0.33,28.4,0
479.43,232.55,19.28,11.88,1
128.03,189.64,16.32,51.2,1
142.75,264.77,14.47,16.56,1
285.29,191.9,17.38,59.05,1
311.66,157.12,18.14,16.97,1
433.62,214.11,6.75,72.36,0
614.88,134.77,12.22,19.52,0
638.28,104.47,12.18,89.63,0
417.69,140.83,5.35,2.62,0
414.7,51.74,4.44,52.2,0
225.45,239.17,2.28,32.01,0
592.42,78.95,13.19,22.51,0
323.87,46.91,15.62,47.16,1
45.7,74.66,15.22,84.2,1
424.22,252.78,6.33,91.53,1
479.39,99.73,4.11,30.32,0
233.34,206.13,9.07,15.42,0
576.73,257.07,10.94,72.01,1
570.11,24.25,18.38,58.2,1
704.98,229.74,17.5,20.1,0
651.47,92.99,18.32,76.03,1
655.91,65.77,17.01,51.89,0
323.05,206.98,19.29,65.34,1
789.56,273.03,9.31,35.93,0
553.65,89.21,0.95,43.91,0
437.1,171.08,1.67,18.03,0
629.75,87.66,7.81,75.65,0
367.05,166.73,5.15,15.7,0
517.61,186.94,3.4,77.83,0
739.34,183.49,19.06,79.8,1
887.54,187.44,3.91,74.66,0
921.85,41.39,19.19,1.94,0
508.6,208.37,15.22,27.31,1
525.07,202.75,12.82,46.83,1
801.87,205.09,13.52,59.55,1
321.31,23.15,6.63,91.92,0
839.01,134.6,12.93,37.56,0
499.2,123.3,3.73,87.5,0
124.7,26.93,18.75,16.34,0
81.34,67.49,6.04,37.13,0
843.57,132.85,5.1,5.23,0
65.01,223.13,14.22,74.25,1
287.81,71.88,13.13,15.07,0
340.79,249.1,9.03,25.7,1
181.26,164.19,12.65,77.52,1
320.75,228.37,3.19,53.47,1
745.27,142.29,13.47,1.4,0
24.54,150.26,5.41,0.22,0
828.9,186.3,5.46,51.07,0
857.98,278.46,3.24,30.5,0
378.54,148.05,6.65,18.03,0
162.08,159.07,6.63,61.36,0
604.83,181.0,9.08,22.84,1
128.48,221.52,3.81,59.22,1
371.27,22.48,3.86,37.93,0
958.84,155.19,10.83,18.67,0
995.51,145.0,2.58,13.81,0
774.38,276.58,13.78,23.69,0
317.85,148.56,18.88,2.98,1
690.79,141.03,8.54,30.81,0
708.35,288.7,18.02,90.2,1
393.96,135.72,1.97,83.14,0
644.48,55.08,0.86,37.2,0
20.62,65.86,14.43,57.58,1
216.97,29.46,15.22,56.74,0
529.84,1.17,16.86,82.87,1
172.11,130.15,1.14,23.63,0
174.25,231.0,15.54,29.64,1
837.94,220.31,7.53,30.18,0
989.24,10.61,6.07,4.09,0
560.41,171.42,3.46,31.47,0
840.68,47.13,19.92,87.79,1
990.42,282.38,1.27,91.2,1
150.18,51.04,16.54,10.96,1
453.76,188.37,12.79,45.81,1
398.65,98.55,14.7,38.13,0
89.25,192.83,14.23,48.94,1
757.78,124.27,17.17,55.47,1
439.44,228.13,3.68,2.03,0
474.63,69.97,0.02,84.22,0
159.17,271.83,11.97,97.37,1
189.12,150.56,7.08,65.34,1
908.03,227.07,2.48,66.05,0
54.2,255.07,3.72,52.8,1
240.52,299.65,6.63,33.43,0
299.14,67.96,1.4,14.9,0
495.3,86.78,1.14,58.41,0
590.58,75.88,18.32,4.49,0
498.36,79.6,6.24,82.45,0
93.27,175.15,19.64,42.09,1
251.23,298.06,19.29,41.48,1
845.15,297.09,2.85,32.72,0
641.21,158.51,14.3,96.94,1
652.66,192.07,12.02,17.49,0
673.5,258.13,13.81,15.13,1
765.27,279.95,1.92,16.55,0
67.53,61.95,3.77,65.85,1
372.94,159.03,1.53,99.19,0
544.13,250.02,12.08,23.55,0
345.07,91.66,19.73,90.56,1
846.03,132.5,13.44,27.86,0
487.75,295.7,14.22,64.79,1
770.94,295.53,19.69,4.05,1
853.5,271.93,13.56,49.57,0
509.74,239.74,0.8,65.46,0
910.46,81.47,17.34,53.63,0
591.25,96.93,7.29,23.78,0
851.77,164.64,0.09,82.85,0
347.18,168.67,10.14,97.01,0
503.83,152.15,18.74,45.92,1
536.1,191.36,5.15,63.59,0
113.93,123.09,9.83,79.04,1
404.57,225.0,3.48,24.15,0
918.16,100.73,1.15,86.45,0
634.52,99.87,1.61,28.02,0
185.73,39.04,14.54,77.58,1
345.47,57.42,17.28,11.21,1
199.69,255.31,2.87,28.84,0
34.57,134.44,5.77,53.36,1
928.19,69.13,3.9,52.49,0
453.73,228.04,0.54,85.04,0
314.46,166.64,11.07,99.61,1
602.49,7.33,14.0,10.72,0
17.24,95.59,12.96,27.14,1
285.24,53.92,7.76,35.76,0
706.0,197.11,11.1,47.89,0
637.43,83.23,1.88,49.39,0
981.99,20.42,3.09,85.62,0
624.15,17.43,18.64,77.06,0
482.73,174.94,15.23,1.89,1
763.82,7.5,18.45,45.5,0
904.29,254.79,18.33,61.81,1
723.49,47.46,12.99,46.04,0
963.58,182.36,18.56,13.06,1
784.19,133.96,8.33,39.75,0
868.13,133.41,0.07,41.17,0
122.96,22.47,1.25,18.77,0
735.09,241.02,2.19,75.63,0
445.69,268.02,1.91,32.14,1
557.57,4.29,7.03,58.9,0
657.56,54.4,14.03,51.57,0
970.12,271.27,15.81,87.74,0
984.73,165.3,11.8,12.2,0
295.35,45.86,2.93,11.43,0
736.42,61.63,14.96,30.03,0
752.48,198.34,7.1,43.12,0
353.03,217.72,0.26,29.85,0
132.63,180.23,5.61,76.32,1
50.54,285.99,6.61,24.53,1
779.57,148.73,5.48,8.48,0
494.8,90.78,16.24,41.38,0
985.68,143.69,15.2,77.34,0
470.32,108.54,13.91,85.06,1
978.14,68.1,2.78,73.33,0
417.46,14.74,16.16,55.79,1
795.75,106.31,13.54,72.42,0
93.97,213.71,3.9,68.14,0
559.91,6.51,12.96,23.44,0
804.04,132.31,9.67,55.08,0
925.45,193.56,8.79,77.06,0
824.36,183.51,2.24,31.71,0
46.6,233.22,10.37,65.4,1
378.98,243.35,2.0,48.15,1
58.21,213.8,3.29,50.32,0
118.19,31.74,2.65,9.01,0
678.55,143.03,19.08,66.62,1
716.13,181.42,5.7,86.57,0
775.98,74.42,7.1,14.14,0
866.8,13.72,6.44,36.61,0
742.04,67.85,17.97,4.87,0
802.86,137.01,11.26,2.96,0
58.47,124.77,18.38,98.97,1
242.19,53.82,6.0,49.35,0
625.68,247.5,2.3,35.55,0
859.54,277.78,11.12,27.49,0
14.46,61.2,6.91,98.0,1
519.48,278.94,16.04,25.23,1
680.51,6.34,17.59,72.57,0
39.31,277.56,9.45,28.38,1
407.34,285.63,19.43,7.05,1
896.68,4.6,11.06,68.33,0
674.9,229.14,5.42,0.16,0
245.28,291.09,9.78,67.57,0
854.25,271.86,0.75,25.04,0
354.55,291.24,16.08,74.61,1
854.81,165.55,2.03,76.98,0
305.95,24.37,6.17,72.41,0
594.42,255.09,11.31,2.45,0
402.97,184.53,0.86,70.37,0
282.08,184.81,1.59,99.01,1
887.69,125.76,13.92,24.26,0
195.72,171.98,1.44,27.42,0
93.96,46.92,9.54,81.35,1
348.51,222.19,6.77,16.04,1
720.46,23.43,4.56,66.06,0
809.36,219.2,3.78,75.5,0
998.76,254.84,15.27,3.72,0
303.4,142.27,19.03,55.38,1
413.86,153.44,2.8,57.59,0
145.45,94.35,19.19,30.34,0
579.12,290.87,11.9,87.63,1
997.6,220.2,12.83,16.27,0
703.87,111.33,14.2,36.42,0
599.26,53.27,14.08,84.87,0
398.45,66.65,16.4,19.06,1
916.15,139.71,9.67,82.14,0
501.95,282.83,10.67,7.91,0
143.02,220.51,6.48,48.92,1
371.72,65.36,2.11,7.53,0
76.5,258.01,13.29,67.79,1
209.96,114.08,0.67,79.06,0
27.49,255.66,5.51,84.99,0
458.75,73.27,1.88,98.13,1
638.19,185.98,3.81,67.2,0
349.86,278.07,12.77,76.91,1
426.18,78.11,12.57,50.58,1
959.62,208.19,8.42,91.27,0
754.44,296.21,1.8,64.38,0
545.45,46.03,8.67,88.36,0
291.7,27.43,7.05,23.55,0
898.03,202.58,14.41,49.67,0
242.75,102.58,11.58,72.98,1
332.09,22.3,9.83,20.27,0
909.97,143.12,9.74,21.13,0
534.25,226.38,19.33,97.8,1
744.89,86.25,15.13,43.46,0
594.84,101.18,9.94,18.18,1
656.9,253.86,9.58,33.15,0
306.39,156.5,0.53,39.74,0
248.96,252.98,18.85,62.31,1
329.27,134.47,6.38,92.3,1
163.89,285.94,5.12,98.66,1
875.57,195.59,19.99,65.17,1
290.41,35.65,14.37,69.99,0
565.87,265.64,0.95,32.18,0
794.05,147.29,1.24,85.72,0
785.99,43.35,0.51,21.78,0
444.0,46.65,11.99,10.64,0
481.49,206.57,1.43,97.33,0
994.75,15.16,18.67,86.41,0
677.85,86.69,18.74,30.36,0
816.49,42.8,10.92,67.52,0
903.53,132.88,12.33,46.7,0
789.71,124.89,5.84,32.31,0
193.33,157.04,1.28,28.68,0
566.55,84.61,14.75,13.6,0
110.88,10.58,2.04,54.93,0
656.39,184.7,1.71,44.66,0
955.8,112.74,6.22,51.22,0
517.6,195.75,0.25,21.54,0
438.64,33.49,8.68,93.86,0
45.48,5.12,14.15,63.86,1
960.18,75.24,16.03,89.96,0
111.97,137.51,12.09,10.93,0
50.67,118.83,16.94,62.29,1
253.61,243.28,8.13,84.95,1
74.88,113.97,16.98,33.09,1
460.57,159.6,10.13,19.51,0
520.93,178.46,4.46,26.5,0
319.44,7.53,18.88,27.29,0
60.45,155.02,5.5,44.72,0
120.48,104.1,0.52,32.6,0
390.66,126.96,4.85,27.13,1
69.92,30.99,7.33,64.85,0
701.21,235.06,7.03,5.3,0
214.95,282.78,10.49,34.04,1
309.05,7.66,17.66,68.98,1
400.18,180.81,5.85,17.58,0
422.44,229.39,10.42,22.09,1
11.64,86.16,6.8,20.07,0
120.95,236.48,16.44,0.09,1
864.14,190.07,3.15,47.38,0
11.22,278.82,2.07,3.9,0
513.09,294.32,10.06,27.29,0
494.61,13.66,13.44,99.48,0
339.76,134.04,15.91,91.84,1
437.01,164.55,11.79,21.51,0
782.78,44.88,15.48,31.0,0
842.79,101.55,7.85,46.37,0
267.75,296.31,0.66,84.44,1
329.27,5.85,2.32,80.26,0
250.06,136.3,0.77,12.62,0
485.06,252.95,6.58,12.44,0
686.43,97.85,9.91,41.67,0
235.97,144.46,7.13,87.01,1
337.43,293.44,11.21,88.21,1
931.08,142.99,9.61,10.74,0
58.08,40.15,13.56,57.43,0
466.16,16.46,13.34,15.57,0
714.44,283.68,6.36,68.61,0
158.95,80.48,6.92,91.64,1
56.9,151.72,11.7,45.48,0
146.82,28.12,11.93,8.31,0
919.63,127.67,6.29,57.93,0
19.17,279.1,6.61,40.85,1
196.44,151.22,13.88,81.09,1
40.97,291.37,12.95,34.03,1
119.52,78.39,2.7,87.49,1
623.95,151.86,8.82,27.37,0
249.22,258.0,17.85,15.75,1
573.52,135.03,0.73,30.65,0
594.29,84.57,17.1,3.49,0
850.94,256.79,3.26,28.12,0
14.69,117.58,10.14,66.01,1
854.84,159.69,8.49,14.23,0
622.93,292.98,0.2,11.14,0
171.12,56.76,18.31,13.24,0
775.21,91.12,9.1,7.76,0
856.94,10.29,19.09,87.46,0
261.72,118.16,5.73,94.41,0
919.61,60.85,17.33,4.66,0
459.91,204.33,18.45,76.01,1
607.39,55.22,11.14,73.72,0
984.8,202.77,4.05,99.69,0
367.92,79.78,13.7,34.79,0
815.03,107.21,10.98,28.55,0
325.22,105.31,18.89,45.31,1
801.22,215.31,8.79,85.66,0
604.73,140.49,5.37,72.86,0
224.19,109.03,2.77,47.16,0
419.89,255.93,13.97,24.46,1
324.46,172.01,19.48,72.7,1
87.33,64.94,0.57,85.45,0
39.54,270.13,14.81,40.0,1
353.01,103.45,18.54,66.86,1
28.84,12.65,1.5,40.02,0
173.83,148.89,2.2,47.85,0
727.93,38.06,13.84,52.49,0
711.01,72.3,12.96,77.57,0
741.19,224.39,1.38,97.75,0
323.98,40.09,16.69,44.44,1
891.12,242.28,10.47,34.23,0
597.89,281.14,18.14,37.36,1
134.77,182.35,17.56,13.39,1
152.28,213.4,16.25,29.69,1
696.16,214.36,10.32,8.64,0
181.21,297.85,5.03,42.79,1
512.22,103.12,10.12,16.74,0
991.86,49.69,2.02,34.64,0
13.97,156.23,13.18,79.36,1
26.41,160.44,2.68,24.59,1
993.15,54.2,10.22,61.19,0
588.79,184.32,1.09,90.12,0
135.64,5.22,5.99,56.69,1
898.33,278.37,4.64,19.38,0
881.58,80.11,12.4,34.48,0
540.84,12.83,15.74,59.04,0
625.57,33.37,1.15,50.66,0
280.46,72.83,17.01,14.86,1
60.01,82.9,17.22,44.68,1
598.62,10.81,6.85,54.31,0
301.81,84.53,13.18,26.73,1
666.98,58.69,8.05,61.24,0
837.88,114.21,3.08,7.02,0
27.98,116.17,10.57,33.66,1
599.76,102.36,1.73,80.43,0
238.97,99.05,17.57,25.93,1
875.15,27.83,18.49,60.52,0
261.13,8.54,16.43,41.0,0
614.66,61.43,11.25,31.65,0
558.01,227.24,11.15,91.61,1
402.2,297.25,19.69,34.33,1
680.84,278.63,4.96,23.67,1
728.51,151.76,1.52,90.93,0
571.27,160.02,11.24,74.59,1
760.84,95.06,6.58,68.18,0
983.58,232.41,6.45,4.95,0
425.08,229.66,0.14,13.12,0
519.44,253.44,11.92,63.83,1
22.35,268.76,5.28,20.94,1
798.07,130.87,3.76,22.56,0
525.03,230.3,0.81,77.91,0
413.88,242.11,7.29,28.59,0
103.13,93.23,17.58,7.16,1
890.76,278.84,6.73,3.64,1
401.06,29.21,13.58,44.32,0
685.76,298.29,15.13,61.71,1
157.88,231.26,6.56,86.89,1
961.93,28.89,16.43,11.08,0
186.66,197.21,13.84,19.67,1
207.55,11.22,11.18,52.98,0
860.39,231.29,0.02,36.41,0
913.46,239.97,0.7,48.25,0
220.03,181.12,19.82,92.41,1
475.1,257.2,15.65,54.49,1
736.16,30.27,18.75,41.51,0
879.58,83.5,18.05,98.94,0
385.26,124.84,0.41,6.52,0
521.85,13.69,15.84,93.21,0
744.3,135.02,9.02,50.17,0
733.82,80.3,15.79,50.38,0
785.13,118.43,0.13,92.2,0
574.23,128.11,5.76,50.73,0
113.57,263.94,15.03,43.84,1
904.93,81.83,15.86,27.25,0
866.92,268.23,12.39,65.88,0
800.12,128.37,6.03,56.96,0
108.86,99.01,6.21,21.43,0
212.35,151.25,19.34,70.94,1
746.16,125.91,8.78,64.41,0
32.91,77.95,8.94,39.73,1
979.43,151.3,11.05,0.44,1
383.37,46.39,8.19,44.66,0
722.12,106.23,11.05,0.61,0
888.7,170.17,8.65,7.5,0
400.68,124.61,16.53,43.06,1
325.94,247.35,18.18,8.19,1
612.65,77.76,18.64,27.57,0
585.18,290.96,11.29,65.55,1
415.05,235.63,8.84,30.86,1
605.76,290.31,14.1,99.76,1
936.03,251.6,16.77,91.63,1
472.96,43.49,11.26,58.53,0
204.77,158.41,14.0,96.69,1
383.43,51.82,14.99,86.8,1
400.17,245.65,13.53,31.89,1
139.8,175.66,14.92,74.96,1
171.24,79.77,4.17,13.68,0
687.72,278.95,9.97,68.46,0
346.08,35.44,11.77,49.11,0
955.35,169.59,0.05,1.68,0
251.16,216.59,17.12,27.42,1
107.94,18.6,12.2,95.54,1
755.97,179.76,2.58,31.58,0
882.23,244.95,16.33,18.15,0
285.33,21.19,14.34,18.75,0
210.07,154.16,15.17,47.92,1
193.91,78.31,7.84,84.26,1
526.79,199.21,17.08,75.8,1
473.73,36.48,8.28,43.69,0
266.85,281.18,11.41,20.87,1
54.72,268.52,0.01,4.61,0
486.68,56.61,12.9,46.26,0
959.74,97.66,14.36,81.48,1
655.99,176.7,11.34,72.97,0
500.55,215.7,9.93,40.86,1
119.59,133.35,16.2,59.47,0
259.91,47.73,13.63,43.62,1
301.83,32.14,5.56,57.9,0
767.16,299.93,19.18,51.75,1
877.94,137.15,14.15,68.1,0
902.63,261.89,19.76,50.77,1
984.72,145.23,19.43,94.06,0
982.54,276.78,18.38,42.8,1
953.47,27.24,15.11,1.59,0
81.1,35.09,12.19,23.64,0
146.42,278.96,3.44,50.06,0
311.42,284.3,10.87,54.06,1
557.37,95.1,15.31,55.24,0
106.01,107.19,10.42,71.46,1
847.34,136.28,17.36,27.46,0
620.59,125.43,2.19,66.49,0
546.94,57.82,7.62,70.4,0
173.66,269.61,10.12,41.13,1
260.72,76.74,8.65,40.22,0
168.71,211.88,2.17,17.89,0
853.41,21.08,3.07,41.4,0
588.39,12.59,16.75,78.68,0
737.78,196.47,9.69,90.9,0
303.07,102.37,0.97,59.36,0
377.54,196.98,0.33,29.94,0
410.81,29.11,9.47,68.23,0
762.41,285.01,3.29,74.01,0
774.63,224.81,14.1,33.22,1
214.75,263.0,15.91,82.65,1
942.12,41.8,4.57,7.37,0
129.45,96.73,11.84,1.08,0
897.16,111.13,3.09,12.3,0
109.39,161.61,6.07,15.6,1
271.89,89.76,17.78,87.89,1
848.01,19.13,10.88,42.5,0
187.7,111.29,17.72,27.49,1
419.43,77.11,4.5,42.91,0
455.36,116.39,6.6,39.48,0
252.81,59.89,9.42,30.15,0
713.14,79.31,9.6,13.79,0
852.82,188.46,19.95,65.59,0
875.83,117.06,2.29,13.66,0
345.93,104.27,17.04,77.54,1
535.54,160.64,17.27,20.17,0
255.92,231.79,11.06,73.14,1
252.35,114.28,6.88,80.56,0
169.64,176.67,10.38,12.53,1
940.62,289.89,5.85,8.67,0
889.11,157.07,15.98,94.96,1
779.59,273.03,9.97,46.3,0
522.48,238.31,18.52,63.02,1
495.7,18.56,12.45,2.33,0
534.45,129.3,10.29,27.87,0
541.2,209.8,14.22,50.54,1
440.22,296.03,10.08,88.62,1
140.44,138.05,18.09,27.14,1
134.41,28.74,3.69,77.52,1
952.73,169.04,19.47,66.22,0
487.21,38.84,16.24,11.53,0
953.67,225.7,17.21,29.34,0
171.94,152.8,9.66,23.79,1
558.87,217.31,16.74,44.25,1
215.64,260.94,6.14,63.53,1
260.65,189.06,15.24,43.34,1
39.75,184.12,2.81,24.45,1
127.76,226.62,6.14,69.59,1
917.68,252.89,8.91,58.45,0
328.32,260.85,6.45,51.93,1
612.05,11.89,7.74,55.44,0
470.36,167.3,16.4,22.19,1
406.45,65.66,5.13,68.04,0
536.57,258.24,14.91,38.75,1
195.37,194.87,1.47,36.35,0
988.72,126.65,15.31,14.97,0
820.12,57.24,15.84,59.68,0
744.2,102.37,8.03,60.27,0
474.07,211.43,14.45,34.03,1
161.35,62.1,18.3,85.99,1
921.46,28.98,16.01,84.55,0
347.97,266.52,7.81,10.91,1
59.61,229.5,9.68,69.5,1
348.98,60.74,15.59,39.38,1
796.51,88.4,5.85,99.97,0
626.48,291.65,16.08,22.5,1
753.33,212.75,6.56,28.05,0
795.7,183.55,16.12,44.21,0
219.84,92.98,1.74,26.87,0
924.55,90.44,0.89,69.2,0
443.61,12.82,19.95,48.09,1
642.62,218.82,17.39,22.09,1
12.29,13.91,17.66,50.64,1
993.43,2.45,19.03,88.88,0
288.09,219.12,8.77,79.24,1
71.44,284.71,5.74,49.88,1
463.68,227.19,2.6,28.85,1
137.74,142.02,10.02,17.99,0
160.8,146.33,4.4,87.84,0
635.96,131.4,18.71,71.02,0
399.0,98.07,0.08,57.22,0
922.63,156.99,2.86,87.94,0
325.96,129.91,4.93,12.17,0
728.92,179.85,3.98,68.25,0
466.49,269.54,4.52,21.67,0
663.35,298.51,13.12,12.06,1
603.7,24.54,6.55,46.56,0
478.06,116.02,12.3,38.74,0
950.56,55.03,17.81,94.12,0
349.29,106.28,12.05,32.4,0
185.46,86.95,13.89,81.49,1
681.31,53.19,7.31,74.88,0
847.55,229.46,3.19,66.79,0
49.85,149.39,6.41,92.04,1
455.14,275.85,19.29,40.79,1
893.56,10.75,12.44,38.97,0
752.12,21.03,5.55,16.09,0
991.89,121.58,9.02,27.58,0
536.1,25.0,16.71,87.98,0
663.4,79.56,13.37,47.44,0
309.46,295.82,11.21,34.14,1
948.06,63.48,17.7,21.61,0
372.67,60.24,13.45,48.5,0
741.13,172.52,12.85,71.67,0
409.11,149.9,3.8,28.67,0
566.2,174.55,2.13,75.77,1
722.58,113.64,19.3,62.98,1
513.84,248.2,11.98,78.76,1
908.02,42.44,8.31,25.09,0
425.11,129.09,11.78,63.1,0
650.6,207.24,1.24,15.37,0
348.94,260.6,16.44,36.38,1
414.08,111.5,4.33,72.44,0
445.65,170.76,16.09,63.17,1
134.55,21.67,10.69,18.79,0
100.81,51.93,5.53,85.83,0
670.82,21.67,0.6,5.34,0
658.96,218.64,16.32,59.52,1
666.28,87.13,3.53,98.38,0
29.57,217.4,1.04,53.15,1
333.28,20.85,15.12,80.07,1
205.83,258.9,7.0,59.52,1
780.37,250.82,7.79,78.31,0
862.02,27.59,4.94,65.56,0
254.21,8.1,17.18,69.11,1
671.17,17.83,5.95,22.78,0
138.07,256.24,4.2,74.18,1
282.4,71.18,6.18,23.79,0
147.27,164.93,4.06,98.06,1
290.69,128.45,6.35,22.78,0
677.99,238.86,1.66,23.67,0
911.22,147.18,3.17,85.87,0
210.5,150.7,8.34,24.3,1
546.66,296.74,17.59,36.09,1
704.38,45.89,1.15,71.46,0
953.39,249.38,4.25,15.87,0
613.96,16.47,18.17,15.91,0
262.56,143.82,17.8,48.64,1
629.22,266.01,13.59,24.37,1
327.29,199.9,4.81,23.57,0
976.37,205.88,8.4,0.92,0
405.68,79.73,4.22,37.04,0
688.57,126.15,2.57,31.83,0
33.0,110.61,7.6,3.12,0
406.06,156.91,11.52,62.12,0
876.36,139.21,7.2,62.67,0
614.13,98.74,12.22,7.08,0
449.5,92.34,5.93,31.7,0
936.58,76.01,6.92,87.28,0
855.44,110.15,15.81,58.22,0
328.99,45.83,17.57,41.2,0
549.1,261.76,6.44,46.51,0
494.93,181.03,11.43,20.83,1
635.88,41.0,5.56,81.19,0
340.77,208.46,1.07,91.4,0
251.76,254.45,14.76,91.07,1
913.55,72.02,3.42,22.39,0
924.64,46.03,8.51,31.07,0
844.89,3.58,9.74,16.06,0
978.42,15.13,3.69,30.72,0
747.54,228.91,1.89,33.28,0
767.02,296.17,6.96,63.31,0
764.96,14.42,19.05,18.96,0
485.8,224.67,12.3,91.94,1
461.89,22.49,7.63,10.31,0
247.82,178.05,0.78,0.69,0
648.37,227.07,12.01,85.49,1
296.43,108.4,1.85,70.38,1
265.23,4.27,10.85,35.54,0
590.1,178.96,15.04,59.55,0
415.88,297.38,8.47,22.35,1
226.67,78.03,5.99,16.84,0
817.9,57.66,0.95,47.11,0
861.96,38.05,0.5,35.32,0
176.02,167.02,8.6,61.52,0
17.43,179.34,17.67,21.81,1
342.77,237.89,4.88,66.29,0
799.54,226.17,11.48,76.69,0
840.78,267.87,13.69,16.66,0
146.95,241.93,1.22,4.39,1
776.59,74.93,3.06,43.96,0
124.55,167.21,6.63,77.4,1
396.16,89.93,13.4,65.08,1
998.62,99.61,8.78,70.19,0
200.66,279.65,14.68,40.28,1
162.42,204.89,17.35,23.49,1
428.57,292.4,15.17,53.18,1
623.47,125.66,19.84,20.44,0
933.57,161.69,15.09,72.62,0
981.01,146.65,17.04,19.7,0
78.94,33.08,16.65,29.13,0
146.62,71.77,14.61,50.65,1
792.83,158.76,16.04,48.67,0
277.93,21.14,18.69,60.08,1
886.0,279.51,9.5,43.74,0
666.82,38.03,12.77,91.95,0
120.73,60.2,10.3,83.99,0
834.2,229.83,17.02,87.91,1
184.59,29.98,8.63,62.95,1
429.26,270.18,16.39,63.5,1
556.66,217.98,15.99,60.92,1
505.76,21.52,19.24,43.49,0
689.3,207.86,4.98,32.21,0
656.16,189.86,14.19,59.2,0
992.12,227.45,15.14,2.55,0
999.43,248.63,18.73,0.75,0
521.29,215.79,18.14,85.16,1
104.25,176.27,11.47,4.64,0
730.56,97.42,11.58,52.48,0
976.9,209.48,3.35,61.5,0
325.14,287.13,19.5,19.82,1
466.6,176.67,5.1,89.57,0
430.53,199.64,14.49,19.01,1
60.9,131.7,15.92,88.45,1
675.54,227.08,8.82,76.3,0
359.8,299.3,4.22,24.07,0
789.59,48.96,3.78,15.07,0
833.8,61.52,17.13,31.62,0
823.02,162.29,10.22,39.8,0
422.5,144.93,1.8,24.58,0
328.33,171.9,14.34,99.89,1
751.33,15.67,5.0,22.97,0
803.38,121.88,17.53,83.06,0
496.34,175.31,6.19,15.91,0
894.1,175.97,4.01,98.02,0
152.47,197.54,1.7,22.55,0
880.28,216.34,10.23,42.17,0
105.13,192.82,9.01,55.86,1
161.99,237.28,15.03,12.03,1
538.5,187.8,9.29,81.68,1
76.84,161.71,6.88,27.47,0
62.28,182.25,5.23,54.93,1
10.51,31.26,5.56,54.96,0
441.95,82.67,18.56,60.26,1
776.88,158.69,3.3,5.55,0
44.49,262.02,19.76,16.86,1
655.74,204.04,6.54,16.12,0
824.9,28.03,1.77,30.21,0
176.32,178.09,4.97,14.49,1
155.4,67.3,1.17,92.19,0
862.19,220.47,15.8,51.3,0
824.89,248.4,10.25,62.36,1
543.55,178.44,6.74,35.75,1
821.01,177.82,13.24,27.62,0
101.83,102.24,12.61,50.32,1
400.54,134.43,18.8,29.43,1
740.42,259.37,19.23,34.36,1
264.88,217.27,13.61,45.28,1
754.81,156.41,16.36,50.57,0
509.14,111.1,15.85,98.43,1
752.76,16.06,9.83,22.33,0
470.03,43.76,14.09,48.8,0
374.23,58.71,1.57,14.95,0
227.0,112.64,15.16,35.0,1
216.3,283.3,19.24,71.73,1
753.98,152.04,1.7,17.45,0
127.72,71.22,16.72,58.14,1
95.12,32.62,18.66,41.67,1
184.53,102.15,4.52,5.16,0
183.59,244.9,10.5,93.31,1
824.88,115.62,18.56,41.36,0
404.52,231.98,19.2,78.39,1
990.48,241.01,2.56,41.63,0
145.84,34.14,6.98,93.74,0
657.0,182.99,13.96,29.05,0
454.24,287.77,4.43,41.22,1
398.99,121.24,6.5,75.89,0
876.33,16.23,0.47,34.37,0
975.84,277.07,3.07,36.44,0
874.13,265.22,11.25,99.48,0
200.38,157.12,13.06,55.56,1
228.59,166.12,12.98,68.94,1
659.51,64.31,15.57,64.35,0
296.19,246.02,8.31,82.79,1
737.38,150.08,5.47,86.18,0
570.76,11.13,0.31,56.33,0
555.4,205.22,4.13,29.46,0
830.26,285.2,6.25,2.28,0
713.43,248.92,3.56,61.44,0
36.31,83.88,0.4,82.55,1
58.96,16.94,3.15,45.05,0
605.54,282.17,13.32,16.47,0
491.33,281.18,12.59,28.81,1
267.58,160.19,18.71,51.0,1
424.47,193.05,15.96,83.67,1
760.33,139.32,11.36,17.18,0
828.35,126.51,2.75,61.21,0
565.61,36.72,11.28,75.34,0
391.52,29.93,1.23,93.6,0
277.99,70.59,8.62,11.67,0
526.7,251.16,7.81,92.64,1
321.6,44.6,8.56,60.15,0
568.45,68.78,5.6,76.67,0
679.89,165.04,13.72,5.38,0
75.42,65.32,16.82,50.61,1
11.06,49.8,15.37,62.26,1
220.15,169.43,12.56,30.68,1
895.57,111.06,10.77,43.17,0
649.83,188.22,0.62,55.43,0
180.24,273.75,14.46,55.25,1
891.36,46.15,10.9,4.19,0
475.26,274.12,5.41,43.95,0
481.33,270.84,6.56,21.38,1
936.19,248.9,18.71,91.67,1
68.89,189.75,12.49,97.66,1
223.03,186.42,9.52,29.96,0
589.91,192.12,12.42,17.52,1
203.53,207.46,8.27,21.95,0
682.73,5.93,9.4,47.78,0
221.95,287.47,5.81,87.45,1
108.17,176.1,8.8,50.0,1
214.92,234.66,13.71,5.54,1
428.51,113.81,0.8,3.99,0
184.38,4.71,15.9,22.74,1
143.35,153.41,5.66,84.28,1
861.68,152.65,13.65,62.15,0
327.19,131.66,12.85,56.3,0
367.15,102.58,13.05,31.9,1
64.72,75.7,12.16,92.94,1
363.8,158.74,19.18,33.12,1
272.16,113.21,10.17,83.49,1
614.38,291.01,14.65,89.59,1
213.34,52.71,14.11,48.33,1
889.48,96.58,4.73,89.43,0
930.37,88.89,5.67,27.68,0
108.83,163.45,8.48,65.84,1
116.33,150.28,5.55,8.8,1
124.17,193.48,7.33,47.39,1
623.37,285.05,7.82,21.73,1
130.75,86.28,12.08,6.28,0
853.86,208.14,4.4,0.37,0
756.73,8.49,16.09,32.48,0
821.61,79.45,8.75,58.95,0
530.8,139.65,14.12,45.52,0
996.71,10.27,1.63,30.18,0
53.73,185.68,9.4,99.12,1
407.25,203.81,0.56,93.95,1
330.7,224.27,13.52,12.57,1
949.16,155.46,6.87,41.51,0
581.09,181.58,18.99,64.88,1
808.13,119.42,6.48,73.35,0
178.64,13.33,11.28,36.64,0
978.85,30.89,5.15,74.63,0
503.65,196.84,12.4,12.42,1
498.74,298.67,9.34,33.18,1
971.18,5.73,7.41,71.64,0
386.93,167.72,4.07,62.57,0
403.55,225.55,2.23,83.72,0
588.91,248.21,2.4,4.69,0
136.77,164.02,19.98,17.44,1
327.87,186.35,8.25,4.85,1
201.28,209.32,0.04,19.21,0
112.25,257.83,19.06,0.43,1
867.48,37.56,0.4,50.42,0
593.44,277.93,8.37,52.83,1
365.09,8.78,14.35,65.79,1
414.58,251.02,18.29,38.49,1
437.2,23.95,14.26,0.32,0
636.82,59.19,9.27,67.39,0
927.5,2.16,19.49,5.43,0
933.45,134.13,0.79,86.62,0
397.58,100.97,19.74,2.27,1
335.97,50.63,16.99,53.05,0
456.54,135.88,18.58,89.49,1
572.25,121.31,5.1,57.25,0
467.2,230.53,2.85,60.84,0
662.17,268.05,13.27,68.16,1
558.86,196.12,10.32,12.24,1
327.51,38.2,10.46,67.49,0
352.27,89.32,18.49,88.04,1
384.81,274.08,12.4,97.42,1
103.69,27.53,6.22,44.31,0
174.4,122.65,8.0,34.45,0
725.88,282.81,2.67,75.33,0
395.21,285.25,3.85,54.29,0
